School Name,URL
Abilene Christian,https://www.sports-reference.com/cbb/schools/abilene-christian/men/2025.html
Air Force,https://www.sports-reference.com/cbb/schools/air-force/men/2025.html
Akron,https://www.sports-reference.com/cbb/schools/akron/men/2025.html
Alabama,https://www.sports-reference.com/cbb/schools/alabama/men/2025.html
Alabama A&M,https://www.sports-reference.com/cbb/schools/alabama-am/men/2025.html
Alabama State,https://www.sports-reference.com/cbb/schools/alabama-state/men/2025.html
Albany (NY),https://www.sports-reference.com/cbb/schools/albany-ny/men/2025.html
Alcorn State,https://www.sports-reference.com/cbb/schools/alcorn-state/men/2025.html
American,https://www.sports-reference.com/cbb/schools/american/men/2025.html
Appalachian State,https://www.sports-reference.com/cbb/schools/appalachian-state/men/2025.html
Arizona,https://www.sports-reference.com/cbb/schools/arizona/men/2025.html
Arizona State,https://www.sports-reference.com/cbb/schools/arizona-state/men/2025.html
Arkansas,https://www.sports-reference.com/cbb/schools/arkansas/men/2025.html
Arkansas State,https://www.sports-reference.com/cbb/schools/arkansas-state/men/2025.html
Arkansas-Pine Bluff,https://www.sports-reference.com/cbb/schools/arkansas-pine-bluff/men/2025.html
Army,https://www.sports-reference.com/cbb/schools/army/men/2025.html
Auburn,https://www.sports-reference.com/cbb/schools/auburn/men/2025.html
Austin Peay,https://www.sports-reference.com/cbb/schools/austin-peay/men/2025.html
Ball State,https://www.sports-reference.com/cbb/schools/ball-state/men/2025.html
Baylor,https://www.sports-reference.com/cbb/schools/baylor/men/2025.html
Bellarmine,https://www.sports-reference.com/cbb/schools/bellarmine/men/2025.html
Belmont,https://www.sports-reference.com/cbb/schools/belmont/men/2025.html
Bethune-Cookman,https://www.sports-reference.com/cbb/schools/bethune-cookman/men/2025.html
Binghamton,https://www.sports-reference.com/cbb/schools/binghamton/men/2025.html
Boise State,https://www.sports-reference.com/cbb/schools/boise-state/men/2025.html
Boston College,https://www.sports-reference.com/cbb/schools/boston-college/men/2025.html
Boston University,https://www.sports-reference.com/cbb/schools/boston-university/men/2025.html
Bowling Green State,https://www.sports-reference.com/cbb/schools/bowling-green-state/men/2025.html
Bradley,https://www.sports-reference.com/cbb/schools/bradley/men/2025.html
Brigham Young,https://www.sports-reference.com/cbb/schools/brigham-young/men/2025.html
Brown,https://www.sports-reference.com/cbb/schools/brown/men/2025.html
Bryant,https://www.sports-reference.com/cbb/schools/bryant/men/2025.html
Bucknell,https://www.sports-reference.com/cbb/schools/bucknell/men/2025.html
Buffalo,https://www.sports-reference.com/cbb/schools/buffalo/men/2025.html
Butler,https://www.sports-reference.com/cbb/schools/butler/men/2025.html
Cal Poly,https://www.sports-reference.com/cbb/schools/cal-poly/men/2025.html
Cal State Bakersfield,https://www.sports-reference.com/cbb/schools/cal-state-bakersfield/men/2025.html
Cal State Fullerton,https://www.sports-reference.com/cbb/schools/cal-state-fullerton/men/2025.html
Cal State Northridge,https://www.sports-reference.com/cbb/schools/cal-state-northridge/men/2025.html
California,https://www.sports-reference.com/cbb/schools/california/men/2025.html
California Baptist,https://www.sports-reference.com/cbb/schools/california-baptist/men/2025.html
Campbell,https://www.sports-reference.com/cbb/schools/campbell/men/2025.html
Canisius,https://www.sports-reference.com/cbb/schools/canisius/men/2025.html
Central Arkansas,https://www.sports-reference.com/cbb/schools/central-arkansas/men/2025.html
Central Connecticut State,https://www.sports-reference.com/cbb/schools/central-connecticut-state/men/2025.html
Central Michigan,https://www.sports-reference.com/cbb/schools/central-michigan/men/2025.html
Charleston Southern,https://www.sports-reference.com/cbb/schools/charleston-southern/men/2025.html
Charlotte,https://www.sports-reference.com/cbb/schools/charlotte/men/2025.html
Chattanooga,https://www.sports-reference.com/cbb/schools/chattanooga/men/2025.html
Chicago State,https://www.sports-reference.com/cbb/schools/chicago-state/men/2025.html
Cincinnati,https://www.sports-reference.com/cbb/schools/cincinnati/men/2025.html
Clemson,https://www.sports-reference.com/cbb/schools/clemson/men/2025.html
Cleveland State,https://www.sports-reference.com/cbb/schools/cleveland-state/men/2025.html
Coastal Carolina,https://www.sports-reference.com/cbb/schools/coastal-carolina/men/2025.html
Colgate,https://www.sports-reference.com/cbb/schools/colgate/men/2025.html
College of Charleston,https://www.sports-reference.com/cbb/schools/college-of-charleston/men/2025.html
Colorado,https://www.sports-reference.com/cbb/schools/colorado/men/2025.html
Colorado State,https://www.sports-reference.com/cbb/schools/colorado-state/men/2025.html
Columbia,https://www.sports-reference.com/cbb/schools/columbia/men/2025.html
Connecticut,https://www.sports-reference.com/cbb/schools/connecticut/men/2025.html
Coppin State,https://www.sports-reference.com/cbb/schools/coppin-state/men/2025.html
Cornell,https://www.sports-reference.com/cbb/schools/cornell/men/2025.html
Creighton,https://www.sports-reference.com/cbb/schools/creighton/men/2025.html
Dartmouth,https://www.sports-reference.com/cbb/schools/dartmouth/men/2025.html
Davidson,https://www.sports-reference.com/cbb/schools/davidson/men/2025.html
Dayton,https://www.sports-reference.com/cbb/schools/dayton/men/2025.html
Delaware,https://www.sports-reference.com/cbb/schools/delaware/men/2025.html
Delaware State,https://www.sports-reference.com/cbb/schools/delaware-state/men/2025.html
Denver,https://www.sports-reference.com/cbb/schools/denver/men/2025.html
DePaul,https://www.sports-reference.com/cbb/schools/depaul/men/2025.html
Detroit Mercy,https://www.sports-reference.com/cbb/schools/detroit-mercy/men/2025.html
Drake,https://www.sports-reference.com/cbb/schools/drake/men/2025.html
Drexel,https://www.sports-reference.com/cbb/schools/drexel/men/2025.html
Duke,https://www.sports-reference.com/cbb/schools/duke/men/2025.html
Duquesne,https://www.sports-reference.com/cbb/schools/duquesne/men/2025.html
East Carolina,https://www.sports-reference.com/cbb/schools/east-carolina/men/2025.html
East Tennessee State,https://www.sports-reference.com/cbb/schools/east-tennessee-state/men/2025.html
East Texas A&M,https://www.sports-reference.com/cbb/schools/texas-am-commerce/men/2025.html
Eastern Illinois,https://www.sports-reference.com/cbb/schools/eastern-illinois/men/2025.html
Eastern Kentucky,https://www.sports-reference.com/cbb/schools/eastern-kentucky/men/2025.html
Eastern Michigan,https://www.sports-reference.com/cbb/schools/eastern-michigan/men/2025.html
Eastern Washington,https://www.sports-reference.com/cbb/schools/eastern-washington/men/2025.html
Elon,https://www.sports-reference.com/cbb/schools/elon/men/2025.html
Evansville,https://www.sports-reference.com/cbb/schools/evansville/men/2025.html
Fairfield,https://www.sports-reference.com/cbb/schools/fairfield/men/2025.html
FDU,https://www.sports-reference.com/cbb/schools/fairleigh-dickinson/men/2025.html
Florida,https://www.sports-reference.com/cbb/schools/florida/men/2025.html
Florida A&M,https://www.sports-reference.com/cbb/schools/florida-am/men/2025.html
Florida Atlantic,https://www.sports-reference.com/cbb/schools/florida-atlantic/men/2025.html
Florida Gulf Coast,https://www.sports-reference.com/cbb/schools/florida-gulf-coast/men/2025.html
Florida International,https://www.sports-reference.com/cbb/schools/florida-international/men/2025.html
Florida State,https://www.sports-reference.com/cbb/schools/florida-state/men/2025.html
Fordham,https://www.sports-reference.com/cbb/schools/fordham/men/2025.html
Fresno State,https://www.sports-reference.com/cbb/schools/fresno-state/men/2025.html
Furman,https://www.sports-reference.com/cbb/schools/furman/men/2025.html
Gardner-Webb,https://www.sports-reference.com/cbb/schools/gardner-webb/men/2025.html
George Mason,https://www.sports-reference.com/cbb/schools/george-mason/men/2025.html
George Washington,https://www.sports-reference.com/cbb/schools/george-washington/men/2025.html
Georgetown,https://www.sports-reference.com/cbb/schools/georgetown/men/2025.html
Georgia,https://www.sports-reference.com/cbb/schools/georgia/men/2025.html
Georgia Southern,https://www.sports-reference.com/cbb/schools/georgia-southern/men/2025.html
Georgia State,https://www.sports-reference.com/cbb/schools/georgia-state/men/2025.html
Georgia Tech,https://www.sports-reference.com/cbb/schools/georgia-tech/men/2025.html
Gonzaga,https://www.sports-reference.com/cbb/schools/gonzaga/men/2025.html
Grambling,https://www.sports-reference.com/cbb/schools/grambling/men/2025.html
Grand Canyon,https://www.sports-reference.com/cbb/schools/grand-canyon/men/2025.html
Green Bay,https://www.sports-reference.com/cbb/schools/green-bay/men/2025.html
Hampton,https://www.sports-reference.com/cbb/schools/hampton/men/2025.html
Harvard,https://www.sports-reference.com/cbb/schools/harvard/men/2025.html
Hawaii,https://www.sports-reference.com/cbb/schools/hawaii/men/2025.html
High Point,https://www.sports-reference.com/cbb/schools/high-point/men/2025.html
Hofstra,https://www.sports-reference.com/cbb/schools/hofstra/men/2025.html
Holy Cross,https://www.sports-reference.com/cbb/schools/holy-cross/men/2025.html
Houston,https://www.sports-reference.com/cbb/schools/houston/men/2025.html
Houston Christian,https://www.sports-reference.com/cbb/schools/houston-baptist/men/2025.html
Howard,https://www.sports-reference.com/cbb/schools/howard/men/2025.html
Idaho,https://www.sports-reference.com/cbb/schools/idaho/men/2025.html
Idaho State,https://www.sports-reference.com/cbb/schools/idaho-state/men/2025.html
Illinois,https://www.sports-reference.com/cbb/schools/illinois/men/2025.html
Illinois State,https://www.sports-reference.com/cbb/schools/illinois-state/men/2025.html
Illinois-Chicago,https://www.sports-reference.com/cbb/schools/illinois-chicago/men/2025.html
Incarnate Word,https://www.sports-reference.com/cbb/schools/incarnate-word/men/2025.html
Indiana,https://www.sports-reference.com/cbb/schools/indiana/men/2025.html
Indiana State,https://www.sports-reference.com/cbb/schools/indiana-state/men/2025.html
Iona,https://www.sports-reference.com/cbb/schools/iona/men/2025.html
Iowa,https://www.sports-reference.com/cbb/schools/iowa/men/2025.html
Iowa State,https://www.sports-reference.com/cbb/schools/iowa-state/men/2025.html
IU Indy,https://www.sports-reference.com/cbb/schools/iupui/men/2025.html
Jackson State,https://www.sports-reference.com/cbb/schools/jackson-state/men/2025.html
Jacksonville,https://www.sports-reference.com/cbb/schools/jacksonville/men/2025.html
Jacksonville State,https://www.sports-reference.com/cbb/schools/jacksonville-state/men/2025.html
James Madison,https://www.sports-reference.com/cbb/schools/james-madison/men/2025.html
Kansas,https://www.sports-reference.com/cbb/schools/kansas/men/2025.html
Kansas City,https://www.sports-reference.com/cbb/schools/missouri-kansas-city/men/2025.html
Kansas State,https://www.sports-reference.com/cbb/schools/kansas-state/men/2025.html
Kennesaw State,https://www.sports-reference.com/cbb/schools/kennesaw-state/men/2025.html
Kent State,https://www.sports-reference.com/cbb/schools/kent-state/men/2025.html
Kentucky,https://www.sports-reference.com/cbb/schools/kentucky/men/2025.html
La Salle,https://www.sports-reference.com/cbb/schools/la-salle/men/2025.html
Lafayette,https://www.sports-reference.com/cbb/schools/lafayette/men/2025.html
Lamar,https://www.sports-reference.com/cbb/schools/lamar/men/2025.html
Le Moyne,https://www.sports-reference.com/cbb/schools/le-moyne/men/2025.html
Lehigh,https://www.sports-reference.com/cbb/schools/lehigh/men/2025.html
Liberty,https://www.sports-reference.com/cbb/schools/liberty/men/2025.html
Lindenwood,https://www.sports-reference.com/cbb/schools/lindenwood/men/2025.html
Lipscomb,https://www.sports-reference.com/cbb/schools/lipscomb/men/2025.html
Little Rock,https://www.sports-reference.com/cbb/schools/arkansas-little-rock/men/2025.html
Long Beach State,https://www.sports-reference.com/cbb/schools/long-beach-state/men/2025.html
Long Island University,https://www.sports-reference.com/cbb/schools/long-island-university/men/2025.html
Longwood,https://www.sports-reference.com/cbb/schools/longwood/men/2025.html
Louisiana,https://www.sports-reference.com/cbb/schools/louisiana-lafayette/men/2025.html
Louisiana State,https://www.sports-reference.com/cbb/schools/louisiana-state/men/2025.html
Louisiana Tech,https://www.sports-reference.com/cbb/schools/louisiana-tech/men/2025.html
Louisiana-Monroe,https://www.sports-reference.com/cbb/schools/louisiana-monroe/men/2025.html
Louisville,https://www.sports-reference.com/cbb/schools/louisville/men/2025.html
Loyola (IL),https://www.sports-reference.com/cbb/schools/loyola-il/men/2025.html
Loyola (MD),https://www.sports-reference.com/cbb/schools/loyola-md/men/2025.html
Loyola Marymount,https://www.sports-reference.com/cbb/schools/loyola-marymount/men/2025.html
Maine,https://www.sports-reference.com/cbb/schools/maine/men/2025.html
Manhattan,https://www.sports-reference.com/cbb/schools/manhattan/men/2025.html
Marist,https://www.sports-reference.com/cbb/schools/marist/men/2025.html
Marquette,https://www.sports-reference.com/cbb/schools/marquette/men/2025.html
Marshall,https://www.sports-reference.com/cbb/schools/marshall/men/2025.html
Maryland,https://www.sports-reference.com/cbb/schools/maryland/men/2025.html
Maryland-Baltimore County,https://www.sports-reference.com/cbb/schools/maryland-baltimore-county/men/2025.html
Maryland-Eastern Shore,https://www.sports-reference.com/cbb/schools/maryland-eastern-shore/men/2025.html
Massachusetts,https://www.sports-reference.com/cbb/schools/massachusetts/men/2025.html
Massachusetts-Lowell,https://www.sports-reference.com/cbb/schools/massachusetts-lowell/men/2025.html
McNeese State,https://www.sports-reference.com/cbb/schools/mcneese-state/men/2025.html
Memphis,https://www.sports-reference.com/cbb/schools/memphis/men/2025.html
Mercer,https://www.sports-reference.com/cbb/schools/mercer/men/2025.html
Mercyhurst,https://www.sports-reference.com/cbb/schools/mercyhurst/men/2025.html
Merrimack,https://www.sports-reference.com/cbb/schools/merrimack/men/2025.html
Miami (FL),https://www.sports-reference.com/cbb/schools/miami-fl/men/2025.html
Miami (OH),https://www.sports-reference.com/cbb/schools/miami-oh/men/2025.html
Michigan,https://www.sports-reference.com/cbb/schools/michigan/men/2025.html
Michigan State,https://www.sports-reference.com/cbb/schools/michigan-state/men/2025.html
Middle Tennessee,https://www.sports-reference.com/cbb/schools/middle-tennessee/men/2025.html
Milwaukee,https://www.sports-reference.com/cbb/schools/milwaukee/men/2025.html
Minnesota,https://www.sports-reference.com/cbb/schools/minnesota/men/2025.html
Mississippi,https://www.sports-reference.com/cbb/schools/mississippi/men/2025.html
Mississippi State,https://www.sports-reference.com/cbb/schools/mississippi-state/men/2025.html
Mississippi Valley State,https://www.sports-reference.com/cbb/schools/mississippi-valley-state/men/2025.html
Missouri,https://www.sports-reference.com/cbb/schools/missouri/men/2025.html
Missouri State,https://www.sports-reference.com/cbb/schools/missouri-state/men/2025.html
Monmouth,https://www.sports-reference.com/cbb/schools/monmouth/men/2025.html
Montana,https://www.sports-reference.com/cbb/schools/montana/men/2025.html
Montana State,https://www.sports-reference.com/cbb/schools/montana-state/men/2025.html
Morehead State,https://www.sports-reference.com/cbb/schools/morehead-state/men/2025.html
Morgan State,https://www.sports-reference.com/cbb/schools/morgan-state/men/2025.html
Mount St. Mary's,https://www.sports-reference.com/cbb/schools/mount-st-marys/men/2025.html
Murray State,https://www.sports-reference.com/cbb/schools/murray-state/men/2025.html
Navy,https://www.sports-reference.com/cbb/schools/navy/men/2025.html
NC State,https://www.sports-reference.com/cbb/schools/north-carolina-state/men/2025.html
Nebraska,https://www.sports-reference.com/cbb/schools/nebraska/men/2025.html
Nevada,https://www.sports-reference.com/cbb/schools/nevada/men/2025.html
Nevada-Las Vegas,https://www.sports-reference.com/cbb/schools/nevada-las-vegas/men/2025.html
New Hampshire,https://www.sports-reference.com/cbb/schools/new-hampshire/men/2025.html
New Mexico,https://www.sports-reference.com/cbb/schools/new-mexico/men/2025.html
New Mexico State,https://www.sports-reference.com/cbb/schools/new-mexico-state/men/2025.html
New Orleans,https://www.sports-reference.com/cbb/schools/new-orleans/men/2025.html
Niagara,https://www.sports-reference.com/cbb/schools/niagara/men/2025.html
Nicholls State,https://www.sports-reference.com/cbb/schools/nicholls-state/men/2025.html
NJIT,https://www.sports-reference.com/cbb/schools/njit/men/2025.html
Norfolk State,https://www.sports-reference.com/cbb/schools/norfolk-state/men/2025.html
North Alabama,https://www.sports-reference.com/cbb/schools/north-alabama/men/2025.html
North Carolina,https://www.sports-reference.com/cbb/schools/north-carolina/men/2025.html
North Carolina A&T,https://www.sports-reference.com/cbb/schools/north-carolina-at/men/2025.html
North Carolina Central,https://www.sports-reference.com/cbb/schools/north-carolina-central/men/2025.html
North Dakota,https://www.sports-reference.com/cbb/schools/north-dakota/men/2025.html
North Dakota State,https://www.sports-reference.com/cbb/schools/north-dakota-state/men/2025.html
North Florida,https://www.sports-reference.com/cbb/schools/north-florida/men/2025.html
North Texas,https://www.sports-reference.com/cbb/schools/north-texas/men/2025.html
Northeastern,https://www.sports-reference.com/cbb/schools/northeastern/men/2025.html
Northern Arizona,https://www.sports-reference.com/cbb/schools/northern-arizona/men/2025.html
Northern Colorado,https://www.sports-reference.com/cbb/schools/northern-colorado/men/2025.html
Northern Illinois,https://www.sports-reference.com/cbb/schools/northern-illinois/men/2025.html
Northern Iowa,https://www.sports-reference.com/cbb/schools/northern-iowa/men/2025.html
Northern Kentucky,https://www.sports-reference.com/cbb/schools/northern-kentucky/men/2025.html
Northwestern,https://www.sports-reference.com/cbb/schools/northwestern/men/2025.html
Northwestern State,https://www.sports-reference.com/cbb/schools/northwestern-state/men/2025.html
Notre Dame,https://www.sports-reference.com/cbb/schools/notre-dame/men/2025.html
Oakland,https://www.sports-reference.com/cbb/schools/oakland/men/2025.html
Ohio,https://www.sports-reference.com/cbb/schools/ohio/men/2025.html
Ohio State,https://www.sports-reference.com/cbb/schools/ohio-state/men/2025.html
Oklahoma,https://www.sports-reference.com/cbb/schools/oklahoma/men/2025.html
Oklahoma State,https://www.sports-reference.com/cbb/schools/oklahoma-state/men/2025.html
Old Dominion,https://www.sports-reference.com/cbb/schools/old-dominion/men/2025.html
Omaha,https://www.sports-reference.com/cbb/schools/nebraska-omaha/men/2025.html
Oral Roberts,https://www.sports-reference.com/cbb/schools/oral-roberts/men/2025.html
Oregon,https://www.sports-reference.com/cbb/schools/oregon/men/2025.html
Oregon State,https://www.sports-reference.com/cbb/schools/oregon-state/men/2025.html
Pacific,https://www.sports-reference.com/cbb/schools/pacific/men/2025.html
Penn State,https://www.sports-reference.com/cbb/schools/penn-state/men/2025.html
Pennsylvania,https://www.sports-reference.com/cbb/schools/pennsylvania/men/2025.html
Pepperdine,https://www.sports-reference.com/cbb/schools/pepperdine/men/2025.html
Pittsburgh,https://www.sports-reference.com/cbb/schools/pittsburgh/men/2025.html
Portland,https://www.sports-reference.com/cbb/schools/portland/men/2025.html
Portland State,https://www.sports-reference.com/cbb/schools/portland-state/men/2025.html
Prairie View,https://www.sports-reference.com/cbb/schools/prairie-view/men/2025.html
Presbyterian,https://www.sports-reference.com/cbb/schools/presbyterian/men/2025.html
Princeton,https://www.sports-reference.com/cbb/schools/princeton/men/2025.html
Providence,https://www.sports-reference.com/cbb/schools/providence/men/2025.html
Purdue,https://www.sports-reference.com/cbb/schools/purdue/men/2025.html
Purdue Fort Wayne,https://www.sports-reference.com/cbb/schools/ipfw/men/2025.html
Queens (NC),https://www.sports-reference.com/cbb/schools/queens-nc/men/2025.html
Quinnipiac,https://www.sports-reference.com/cbb/schools/quinnipiac/men/2025.html
Radford,https://www.sports-reference.com/cbb/schools/radford/men/2025.html
Rhode Island,https://www.sports-reference.com/cbb/schools/rhode-island/men/2025.html
Rice,https://www.sports-reference.com/cbb/schools/rice/men/2025.html
Richmond,https://www.sports-reference.com/cbb/schools/richmond/men/2025.html
Rider,https://www.sports-reference.com/cbb/schools/rider/men/2025.html
Robert Morris,https://www.sports-reference.com/cbb/schools/robert-morris/men/2025.html
Rutgers,https://www.sports-reference.com/cbb/schools/rutgers/men/2025.html
Sacramento State,https://www.sports-reference.com/cbb/schools/sacramento-state/men/2025.html
Sacred Heart,https://www.sports-reference.com/cbb/schools/sacred-heart/men/2025.html
Saint Francis (PA),https://www.sports-reference.com/cbb/schools/saint-francis-pa/men/2025.html
Saint Joseph's,https://www.sports-reference.com/cbb/schools/saint-josephs/men/2025.html
Saint Louis,https://www.sports-reference.com/cbb/schools/saint-louis/men/2025.html
Saint Mary's (CA),https://www.sports-reference.com/cbb/schools/saint-marys-ca/men/2025.html
Saint Peter's,https://www.sports-reference.com/cbb/schools/saint-peters/men/2025.html
Sam Houston,https://www.sports-reference.com/cbb/schools/sam-houston-state/men/2025.html
Samford,https://www.sports-reference.com/cbb/schools/samford/men/2025.html
San Diego,https://www.sports-reference.com/cbb/schools/san-diego/men/2025.html
San Diego State,https://www.sports-reference.com/cbb/schools/san-diego-state/men/2025.html
San Francisco,https://www.sports-reference.com/cbb/schools/san-francisco/men/2025.html
San Jose State,https://www.sports-reference.com/cbb/schools/san-jose-state/men/2025.html
Santa Clara,https://www.sports-reference.com/cbb/schools/santa-clara/men/2025.html
Seattle,https://www.sports-reference.com/cbb/schools/seattle/men/2025.html
Seton Hall,https://www.sports-reference.com/cbb/schools/seton-hall/men/2025.html
Siena,https://www.sports-reference.com/cbb/schools/siena/men/2025.html
South Alabama,https://www.sports-reference.com/cbb/schools/south-alabama/men/2025.html
South Carolina,https://www.sports-reference.com/cbb/schools/south-carolina/men/2025.html
South Carolina State,https://www.sports-reference.com/cbb/schools/south-carolina-state/men/2025.html
South Carolina Upstate,https://www.sports-reference.com/cbb/schools/south-carolina-upstate/men/2025.html
South Dakota,https://www.sports-reference.com/cbb/schools/south-dakota/men/2025.html
South Dakota State,https://www.sports-reference.com/cbb/schools/south-dakota-state/men/2025.html
South Florida,https://www.sports-reference.com/cbb/schools/south-florida/men/2025.html
Southeast Missouri State,https://www.sports-reference.com/cbb/schools/southeast-missouri-state/men/2025.html
Southeastern Louisiana,https://www.sports-reference.com/cbb/schools/southeastern-louisiana/men/2025.html
Southern,https://www.sports-reference.com/cbb/schools/southern/men/2025.html
Southern California,https://www.sports-reference.com/cbb/schools/southern-california/men/2025.html
Southern Illinois,https://www.sports-reference.com/cbb/schools/southern-illinois/men/2025.html
SIU Edwardsville,https://www.sports-reference.com/cbb/schools/southern-illinois-edwardsville/men/2025.html
Southern Indiana,https://www.sports-reference.com/cbb/schools/southern-indiana/men/2025.html
Southern Methodist,https://www.sports-reference.com/cbb/schools/southern-methodist/men/2025.html
Southern Mississippi,https://www.sports-reference.com/cbb/schools/southern-mississippi/men/2025.html
Southern Utah,https://www.sports-reference.com/cbb/schools/southern-utah/men/2025.html
St. Bonaventure,https://www.sports-reference.com/cbb/schools/st-bonaventure/men/2025.html
St. John's (NY),https://www.sports-reference.com/cbb/schools/st-johns-ny/men/2025.html
St. Thomas,https://www.sports-reference.com/cbb/schools/st-thomas-mn/men/2025.html
Stanford,https://www.sports-reference.com/cbb/schools/stanford/men/2025.html
Stephen F. Austin,https://www.sports-reference.com/cbb/schools/stephen-f-austin/men/2025.html
Stetson,https://www.sports-reference.com/cbb/schools/stetson/men/2025.html
Stonehill,https://www.sports-reference.com/cbb/schools/stonehill/men/2025.html
Stony Brook,https://www.sports-reference.com/cbb/schools/stony-brook/men/2025.html
Syracuse,https://www.sports-reference.com/cbb/schools/syracuse/men/2025.html
Tarleton State,https://www.sports-reference.com/cbb/schools/tarleton-state/men/2025.html
TCU,https://www.sports-reference.com/cbb/schools/texas-christian/men/2025.html
Temple,https://www.sports-reference.com/cbb/schools/temple/men/2025.html
Tennessee,https://www.sports-reference.com/cbb/schools/tennessee/men/2025.html
Tennessee State,https://www.sports-reference.com/cbb/schools/tennessee-state/men/2025.html
Tennessee Tech,https://www.sports-reference.com/cbb/schools/tennessee-tech/men/2025.html
Tennessee-Martin,https://www.sports-reference.com/cbb/schools/tennessee-martin/men/2025.html
Texas,https://www.sports-reference.com/cbb/schools/texas/men/2025.html
Texas A&M,https://www.sports-reference.com/cbb/schools/texas-am/men/2025.html
Texas A&M-Corpus Christi,https://www.sports-reference.com/cbb/schools/texas-am-corpus-christi/men/2025.html
Texas Southern,https://www.sports-reference.com/cbb/schools/texas-southern/men/2025.html
Texas State,https://www.sports-reference.com/cbb/schools/texas-state/men/2025.html
Texas Tech,https://www.sports-reference.com/cbb/schools/texas-tech/men/2025.html
Texas-Rio Grande Valley,https://www.sports-reference.com/cbb/schools/texas-pan-american/men/2025.html
The Citadel,https://www.sports-reference.com/cbb/schools/citadel/men/2025.html
Toledo,https://www.sports-reference.com/cbb/schools/toledo/men/2025.html
Towson,https://www.sports-reference.com/cbb/schools/towson/men/2025.html
Troy,https://www.sports-reference.com/cbb/schools/troy/men/2025.html
Tulane,https://www.sports-reference.com/cbb/schools/tulane/men/2025.html
Tulsa,https://www.sports-reference.com/cbb/schools/tulsa/men/2025.html
UAB,https://www.sports-reference.com/cbb/schools/alabama-birmingham/men/2025.html
UC Davis,https://www.sports-reference.com/cbb/schools/california-davis/men/2025.html
UC Irvine,https://www.sports-reference.com/cbb/schools/california-irvine/men/2025.html
UC Riverside,https://www.sports-reference.com/cbb/schools/california-riverside/men/2025.html
UC San Diego,https://www.sports-reference.com/cbb/schools/california-san-diego/men/2025.html
UC Santa Barbara,https://www.sports-reference.com/cbb/schools/california-santa-barbara/men/2025.html
UCF,https://www.sports-reference.com/cbb/schools/central-florida/men/2025.html
UCLA,https://www.sports-reference.com/cbb/schools/ucla/men/2025.html
UNC Asheville,https://www.sports-reference.com/cbb/schools/north-carolina-asheville/men/2025.html
UNC Greensboro,https://www.sports-reference.com/cbb/schools/north-carolina-greensboro/men/2025.html
UNC Wilmington,https://www.sports-reference.com/cbb/schools/north-carolina-wilmington/men/2025.html
UT Arlington,https://www.sports-reference.com/cbb/schools/texas-arlington/men/2025.html
Utah,https://www.sports-reference.com/cbb/schools/utah/men/2025.html
Utah State,https://www.sports-reference.com/cbb/schools/utah-state/men/2025.html
Utah Tech,https://www.sports-reference.com/cbb/schools/dixie-state/men/2025.html
Utah Valley,https://www.sports-reference.com/cbb/schools/utah-valley/men/2025.html
UTEP,https://www.sports-reference.com/cbb/schools/texas-el-paso/men/2025.html
UTSA,https://www.sports-reference.com/cbb/schools/texas-san-antonio/men/2025.html
Valparaiso,https://www.sports-reference.com/cbb/schools/valparaiso/men/2025.html
Vanderbilt,https://www.sports-reference.com/cbb/schools/vanderbilt/men/2025.html
Vermont,https://www.sports-reference.com/cbb/schools/vermont/men/2025.html
Villanova,https://www.sports-reference.com/cbb/schools/villanova/men/2025.html
Virginia,https://www.sports-reference.com/cbb/schools/virginia/men/2025.html
Virginia Commonwealth,https://www.sports-reference.com/cbb/schools/virginia-commonwealth/men/2025.html
VMI,https://www.sports-reference.com/cbb/schools/virginia-military-institute/men/2025.html
Virginia Tech,https://www.sports-reference.com/cbb/schools/virginia-tech/men/2025.html
Wagner,https://www.sports-reference.com/cbb/schools/wagner/men/2025.html
Wake Forest,https://www.sports-reference.com/cbb/schools/wake-forest/men/2025.html
Washington,https://www.sports-reference.com/cbb/schools/washington/men/2025.html
Washington State,https://www.sports-reference.com/cbb/schools/washington-state/men/2025.html
Weber State,https://www.sports-reference.com/cbb/schools/weber-state/men/2025.html
West Georgia,https://www.sports-reference.com/cbb/schools/west-georgia/men/2025.html
West Virginia,https://www.sports-reference.com/cbb/schools/west-virginia/men/2025.html
Western Carolina,https://www.sports-reference.com/cbb/schools/western-carolina/men/2025.html
Western Illinois,https://www.sports-reference.com/cbb/schools/western-illinois/men/2025.html
Western Kentucky,https://www.sports-reference.com/cbb/schools/western-kentucky/men/2025.html
Western Michigan,https://www.sports-reference.com/cbb/schools/western-michigan/men/2025.html
Wichita State,https://www.sports-reference.com/cbb/schools/wichita-state/men/2025.html
William & Mary,https://www.sports-reference.com/cbb/schools/william-mary/men/2025.html
Winthrop,https://www.sports-reference.com/cbb/schools/winthrop/men/2025.html
Wisconsin,https://www.sports-reference.com/cbb/schools/wisconsin/men/2025.html
Wofford,https://www.sports-reference.com/cbb/schools/wofford/men/2025.html
Wright State,https://www.sports-reference.com/cbb/schools/wright-state/men/2025.html
Wyoming,https://www.sports-reference.com/cbb/schools/wyoming/men/2025.html
Xavier,https://www.sports-reference.com/cbb/schools/xavier/men/2025.html
Yale,https://www.sports-reference.com/cbb/schools/yale/men/2025.html
Youngstown State,https://www.sports-reference.com/cbb/schools/youngstown-state/men/2025.html
